﻿{"frames": [

{
	"filename": "Symbol 11 instance 10000",
	"frame": {"x":0,"y":0,"w":182,"h":136},
	"rotated": false,
	"trimmed": false,
	"spriteSourceSize": {"x":0,"y":0,"w":182,"h":136},
	"sourceSize": {"w":182,"h":136}
}
,{
	"filename": "Symbol 11 instance 10001",
	"frame": {"x":182,"y":0,"w":182,"h":136},
	"rotated": false,
	"trimmed": false,
	"spriteSourceSize": {"x":0,"y":0,"w":182,"h":136},
	"sourceSize": {"w":182,"h":136}
}
,{
	"filename": "Symbol 11 instance 10002",
	"frame": {"x":364,"y":0,"w":182,"h":136},
	"rotated": false,
	"trimmed": false,
	"spriteSourceSize": {"x":0,"y":0,"w":182,"h":136},
	"sourceSize": {"w":182,"h":136}
}
,{
	"filename": "Symbol 11 instance 10003",
	"frame": {"x":546,"y":0,"w":182,"h":136},
	"rotated": false,
	"trimmed": false,
	"spriteSourceSize": {"x":0,"y":0,"w":182,"h":136},
	"sourceSize": {"w":182,"h":136}
}
,{
	"filename": "Symbol 11 instance 10004",
	"frame": {"x":728,"y":0,"w":182,"h":136},
	"rotated": false,
	"trimmed": false,
	"spriteSourceSize": {"x":0,"y":0,"w":182,"h":136},
	"sourceSize": {"w":182,"h":136}
}
,{
	"filename": "Symbol 11 instance 10005",
	"frame": {"x":910,"y":0,"w":182,"h":136},
	"rotated": false,
	"trimmed": false,
	"spriteSourceSize": {"x":0,"y":0,"w":182,"h":136},
	"sourceSize": {"w":182,"h":136}
}
,{
	"filename": "Symbol 11 instance 10006",
	"frame": {"x":1092,"y":0,"w":182,"h":136},
	"rotated": false,
	"trimmed": false,
	"spriteSourceSize": {"x":0,"y":0,"w":182,"h":136},
	"sourceSize": {"w":182,"h":136}
}
,{
	"filename": "Symbol 11 instance 10007",
	"frame": {"x":1274,"y":0,"w":182,"h":136},
	"rotated": false,
	"trimmed": false,
	"spriteSourceSize": {"x":0,"y":0,"w":182,"h":136},
	"sourceSize": {"w":182,"h":136}
}
,{
	"filename": "Symbol 11 instance 10008",
	"frame": {"x":1456,"y":0,"w":182,"h":136},
	"rotated": false,
	"trimmed": false,
	"spriteSourceSize": {"x":0,"y":0,"w":182,"h":136},
	"sourceSize": {"w":182,"h":136}
}
,{
	"filename": "Symbol 11 instance 10009",
	"frame": {"x":1638,"y":0,"w":182,"h":136},
	"rotated": false,
	"trimmed": false,
	"spriteSourceSize": {"x":0,"y":0,"w":182,"h":136},
	"sourceSize": {"w":182,"h":136}
}
,{
	"filename": "Symbol 11 instance 10010",
	"frame": {"x":1820,"y":0,"w":182,"h":136},
	"rotated": false,
	"trimmed": false,
	"spriteSourceSize": {"x":0,"y":0,"w":182,"h":136},
	"sourceSize": {"w":182,"h":136}
}
,{
	"filename": "Symbol 11 instance 10011",
	"frame": {"x":2002,"y":0,"w":182,"h":136},
	"rotated": false,
	"trimmed": false,
	"spriteSourceSize": {"x":0,"y":0,"w":182,"h":136},
	"sourceSize": {"w":182,"h":136}
}
,{
	"filename": "Symbol 11 instance 10012",
	"frame": {"x":2184,"y":0,"w":182,"h":136},
	"rotated": false,
	"trimmed": false,
	"spriteSourceSize": {"x":0,"y":0,"w":182,"h":136},
	"sourceSize": {"w":182,"h":136}
}
,{
	"filename": "Symbol 11 instance 10013",
	"frame": {"x":2366,"y":0,"w":182,"h":136},
	"rotated": false,
	"trimmed": false,
	"spriteSourceSize": {"x":0,"y":0,"w":182,"h":136},
	"sourceSize": {"w":182,"h":136}
}
,{
	"filename": "Symbol 11 instance 10014",
	"frame": {"x":2548,"y":0,"w":182,"h":136},
	"rotated": false,
	"trimmed": false,
	"spriteSourceSize": {"x":0,"y":0,"w":182,"h":136},
	"sourceSize": {"w":182,"h":136}
}],
"meta": {
	"app": "Adobe Animate",
	"version": "20.0.1.19255",
	"image": "egg count tray.png",
	"format": "RGBA8888",
	"size": {"w":2733,"h":142},
	"scale": "1"
}
}
