﻿{"frames": [

{
	"filename": "Symbol 13 instance 10000",
	"frame": {"x":0,"y":0,"w":34,"h":33},
	"rotated": false,
	"trimmed": false,
	"spriteSourceSize": {"x":0,"y":0,"w":34,"h":33},
	"sourceSize": {"w":34,"h":33}
}
,{
	"filename": "Symbol 13 instance 10001",
	"frame": {"x":34,"y":0,"w":34,"h":33},
	"rotated": false,
	"trimmed": false,
	"spriteSourceSize": {"x":0,"y":0,"w":34,"h":33},
	"sourceSize": {"w":34,"h":33}
}
,{
	"filename": "Symbol 13 instance 10002",
	"frame": {"x":68,"y":0,"w":34,"h":33},
	"rotated": false,
	"trimmed": false,
	"spriteSourceSize": {"x":0,"y":0,"w":34,"h":33},
	"sourceSize": {"w":34,"h":33}
}
,{
	"filename": "Symbol 13 instance 10003",
	"frame": {"x":102,"y":0,"w":34,"h":33},
	"rotated": false,
	"trimmed": false,
	"spriteSourceSize": {"x":0,"y":0,"w":34,"h":33},
	"sourceSize": {"w":34,"h":33}
}],
"meta": {
	"app": "Adobe Animate",
	"version": "20.0.1.19255",
	"image": "sweet new.png",
	"format": "RGBA8888",
	"size": {"w":137,"h":36},
	"scale": "1"
}
}
