﻿{"frames": [

{
	"filename": "Symbol 15 instance 10000",
	"frame": {"x":0,"y":0,"w":86,"h":95},
	"rotated": false,
	"trimmed": false,
	"spriteSourceSize": {"x":0,"y":0,"w":86,"h":95},
	"sourceSize": {"w":86,"h":95}
}
,{
	"filename": "Symbol 15 instance 10001",
	"frame": {"x":86,"y":0,"w":86,"h":95},
	"rotated": false,
	"trimmed": false,
	"spriteSourceSize": {"x":0,"y":0,"w":86,"h":95},
	"sourceSize": {"w":86,"h":95}
}],
"meta": {
	"app": "Adobe Animate",
	"version": "20.0.1.19255",
	"image": "Cat.png",
	"format": "RGBA8888",
	"size": {"w":177,"h":100},
	"scale": "1"
}
}
