﻿{"frames": [

{
	"filename": "Symbol 2 copy instance 10000",
	"frame": {"x":0,"y":0,"w":58,"h":55},
	"rotated": false,
	"trimmed": false,
	"spriteSourceSize": {"x":0,"y":0,"w":58,"h":55},
	"sourceSize": {"w":58,"h":55}
}
,{
	"filename": "Symbol 2 copy instance 10001",
	"frame": {"x":58,"y":0,"w":58,"h":55},
	"rotated": false,
	"trimmed": false,
	"spriteSourceSize": {"x":0,"y":0,"w":58,"h":55},
	"sourceSize": {"w":58,"h":55}
}],
"meta": {
	"app": "Adobe Animate",
	"version": "20.0.1.19255",
	"image": "Nuber box.png",
	"format": "RGBA8888",
	"size": {"w":116,"h":55},
	"scale": "1"
}
}
