﻿{"frames": [

{
	"filename": "Symbol 14 instance 10000",
	"frame": {"x":0,"y":0,"w":82,"h":82},
	"rotated": false,
	"trimmed": false,
	"spriteSourceSize": {"x":0,"y":0,"w":82,"h":82},
	"sourceSize": {"w":82,"h":82}
}
,{
	"filename": "Symbol 14 instance 10001",
	"frame": {"x":82,"y":0,"w":82,"h":82},
	"rotated": false,
	"trimmed": false,
	"spriteSourceSize": {"x":0,"y":0,"w":82,"h":82},
	"sourceSize": {"w":82,"h":82}
}],
"meta": {
	"app": "Adobe Animate",
	"version": "20.0.1.19255",
	"image": "Ball.png",
	"format": "RGBA8888",
	"size": {"w":165,"h":86},
	"scale": "1"
}
}
