﻿{"frames": [

{
	"filename": "Symbol 5 instance 10000",
	"frame": {"x":0,"y":0,"w":55,"h":54},
	"rotated": false,
	"trimmed": false,
	"spriteSourceSize": {"x":0,"y":0,"w":55,"h":54},
	"sourceSize": {"w":55,"h":54}
}
,{
	"filename": "Symbol 5 instance 10001",
	"frame": {"x":55,"y":0,"w":55,"h":54},
	"rotated": false,
	"trimmed": false,
	"spriteSourceSize": {"x":0,"y":0,"w":55,"h":54},
	"sourceSize": {"w":55,"h":54}
}],
"meta": {
	"app": "Adobe Animate",
	"version": "20.0.1.19255",
	"image": "NSF-2B-G6 new box.png",
	"format": "RGBA8888",
	"size": {"w":110,"h":54},
	"scale": "1"
}
}
