﻿{"frames": [

{
	"filename": "Symbol 7 instance 10000",
	"frame": {"x":0,"y":0,"w":165,"h":187},
	"rotated": false,
	"trimmed": false,
	"spriteSourceSize": {"x":0,"y":0,"w":165,"h":187},
	"sourceSize": {"w":165,"h":187}
}
,{
	"filename": "Symbol 7 instance 10001",
	"frame": {"x":165,"y":0,"w":165,"h":187},
	"rotated": false,
	"trimmed": false,
	"spriteSourceSize": {"x":0,"y":0,"w":165,"h":187},
	"sourceSize": {"w":165,"h":187}
}
,{
	"filename": "Symbol 7 instance 10002",
	"frame": {"x":330,"y":0,"w":165,"h":187},
	"rotated": false,
	"trimmed": false,
	"spriteSourceSize": {"x":0,"y":0,"w":165,"h":187},
	"sourceSize": {"w":165,"h":187}
}
,{
	"filename": "Symbol 7 instance 10003",
	"frame": {"x":495,"y":0,"w":165,"h":187},
	"rotated": false,
	"trimmed": false,
	"spriteSourceSize": {"x":0,"y":0,"w":165,"h":187},
	"sourceSize": {"w":165,"h":187}
}
,{
	"filename": "Symbol 7 instance 10004",
	"frame": {"x":660,"y":0,"w":165,"h":187},
	"rotated": false,
	"trimmed": false,
	"spriteSourceSize": {"x":0,"y":0,"w":165,"h":187},
	"sourceSize": {"w":165,"h":187}
}
,{
	"filename": "Symbol 7 instance 10005",
	"frame": {"x":825,"y":0,"w":165,"h":187},
	"rotated": false,
	"trimmed": false,
	"spriteSourceSize": {"x":0,"y":0,"w":165,"h":187},
	"sourceSize": {"w":165,"h":187}
}
,{
	"filename": "Symbol 7 instance 10006",
	"frame": {"x":990,"y":0,"w":165,"h":187},
	"rotated": false,
	"trimmed": false,
	"spriteSourceSize": {"x":0,"y":0,"w":165,"h":187},
	"sourceSize": {"w":165,"h":187}
}
,{
	"filename": "Symbol 7 instance 10007",
	"frame": {"x":1155,"y":0,"w":165,"h":187},
	"rotated": false,
	"trimmed": false,
	"spriteSourceSize": {"x":0,"y":0,"w":165,"h":187},
	"sourceSize": {"w":165,"h":187}
}
,{
	"filename": "Symbol 7 instance 10008",
	"frame": {"x":1320,"y":0,"w":165,"h":187},
	"rotated": false,
	"trimmed": false,
	"spriteSourceSize": {"x":0,"y":0,"w":165,"h":187},
	"sourceSize": {"w":165,"h":187}
}
,{
	"filename": "Symbol 7 instance 10009",
	"frame": {"x":1485,"y":0,"w":165,"h":187},
	"rotated": false,
	"trimmed": false,
	"spriteSourceSize": {"x":0,"y":0,"w":165,"h":187},
	"sourceSize": {"w":165,"h":187}
}],
"meta": {
	"app": "Adobe Animate",
	"version": "20.0.1.19255",
	"image": "baby happy.png",
	"format": "RGBA8888",
	"size": {"w":1666,"h":197},
	"scale": "1"
}
}
