﻿{"frames": [

{
	"filename": "Symbol 16 instance 10000",
	"frame": {"x":0,"y":0,"w":38,"h":37},
	"rotated": false,
	"trimmed": false,
	"spriteSourceSize": {"x":0,"y":0,"w":38,"h":37},
	"sourceSize": {"w":38,"h":37}
}
,{
	"filename": "Symbol 16 instance 10001",
	"frame": {"x":38,"y":0,"w":38,"h":37},
	"rotated": false,
	"trimmed": false,
	"spriteSourceSize": {"x":0,"y":0,"w":38,"h":37},
	"sourceSize": {"w":38,"h":37}
}
,{
	"filename": "Symbol 16 instance 10002",
	"frame": {"x":76,"y":0,"w":38,"h":37},
	"rotated": false,
	"trimmed": false,
	"spriteSourceSize": {"x":0,"y":0,"w":38,"h":37},
	"sourceSize": {"w":38,"h":37}
}],
"meta": {
	"app": "Adobe Animate",
	"version": "20.0.1.19255",
	"image": "apple new.png",
	"format": "RGBA8888",
	"size": {"w":119,"h":37},
	"scale": "1"
}
}
