﻿{"frames": [

{
	"filename": "Symbol 11 copy 2 instance 10000",
	"frame": {"x":0,"y":0,"w":171,"h":126},
	"rotated": false,
	"trimmed": false,
	"spriteSourceSize": {"x":0,"y":0,"w":171,"h":126},
	"sourceSize": {"w":171,"h":126}
}
,{
	"filename": "Symbol 11 copy 2 instance 10001",
	"frame": {"x":171,"y":0,"w":171,"h":126},
	"rotated": false,
	"trimmed": false,
	"spriteSourceSize": {"x":0,"y":0,"w":171,"h":126},
	"sourceSize": {"w":171,"h":126}
}
,{
	"filename": "Symbol 11 copy 2 instance 10002",
	"frame": {"x":342,"y":0,"w":171,"h":126},
	"rotated": false,
	"trimmed": false,
	"spriteSourceSize": {"x":0,"y":0,"w":171,"h":126},
	"sourceSize": {"w":171,"h":126}
}
,{
	"filename": "Symbol 11 copy 2 instance 10003",
	"frame": {"x":513,"y":0,"w":171,"h":126},
	"rotated": false,
	"trimmed": false,
	"spriteSourceSize": {"x":0,"y":0,"w":171,"h":126},
	"sourceSize": {"w":171,"h":126}
}
,{
	"filename": "Symbol 11 copy 2 instance 10004",
	"frame": {"x":684,"y":0,"w":171,"h":126},
	"rotated": false,
	"trimmed": false,
	"spriteSourceSize": {"x":0,"y":0,"w":171,"h":126},
	"sourceSize": {"w":171,"h":126}
}
,{
	"filename": "Symbol 11 copy 2 instance 10005",
	"frame": {"x":855,"y":0,"w":171,"h":126},
	"rotated": false,
	"trimmed": false,
	"spriteSourceSize": {"x":0,"y":0,"w":171,"h":126},
	"sourceSize": {"w":171,"h":126}
}
,{
	"filename": "Symbol 11 copy 2 instance 10006",
	"frame": {"x":1026,"y":0,"w":171,"h":126},
	"rotated": false,
	"trimmed": false,
	"spriteSourceSize": {"x":0,"y":0,"w":171,"h":126},
	"sourceSize": {"w":171,"h":126}
}
,{
	"filename": "Symbol 11 copy 2 instance 10007",
	"frame": {"x":1197,"y":0,"w":171,"h":126},
	"rotated": false,
	"trimmed": false,
	"spriteSourceSize": {"x":0,"y":0,"w":171,"h":126},
	"sourceSize": {"w":171,"h":126}
}
,{
	"filename": "Symbol 11 copy 2 instance 10008",
	"frame": {"x":1368,"y":0,"w":171,"h":126},
	"rotated": false,
	"trimmed": false,
	"spriteSourceSize": {"x":0,"y":0,"w":171,"h":126},
	"sourceSize": {"w":171,"h":126}
}
,{
	"filename": "Symbol 11 copy 2 instance 10009",
	"frame": {"x":1539,"y":0,"w":171,"h":126},
	"rotated": false,
	"trimmed": false,
	"spriteSourceSize": {"x":0,"y":0,"w":171,"h":126},
	"sourceSize": {"w":171,"h":126}
}
,{
	"filename": "Symbol 11 copy 2 instance 10010",
	"frame": {"x":1710,"y":0,"w":171,"h":126},
	"rotated": false,
	"trimmed": false,
	"spriteSourceSize": {"x":0,"y":0,"w":171,"h":126},
	"sourceSize": {"w":171,"h":126}
}
,{
	"filename": "Symbol 11 copy 2 instance 10011",
	"frame": {"x":1881,"y":0,"w":171,"h":126},
	"rotated": false,
	"trimmed": false,
	"spriteSourceSize": {"x":0,"y":0,"w":171,"h":126},
	"sourceSize": {"w":171,"h":126}
}
,{
	"filename": "Symbol 11 copy 2 instance 10012",
	"frame": {"x":2052,"y":0,"w":171,"h":126},
	"rotated": false,
	"trimmed": false,
	"spriteSourceSize": {"x":0,"y":0,"w":171,"h":126},
	"sourceSize": {"w":171,"h":126}
}
,{
	"filename": "Symbol 11 copy 2 instance 10013",
	"frame": {"x":2223,"y":0,"w":171,"h":126},
	"rotated": false,
	"trimmed": false,
	"spriteSourceSize": {"x":0,"y":0,"w":171,"h":126},
	"sourceSize": {"w":171,"h":126}
}
,{
	"filename": "Symbol 11 copy 2 instance 10014",
	"frame": {"x":2394,"y":0,"w":171,"h":126},
	"rotated": false,
	"trimmed": false,
	"spriteSourceSize": {"x":0,"y":0,"w":171,"h":126},
	"sourceSize": {"w":171,"h":126}
}],
"meta": {
	"app": "Adobe Animate",
	"version": "20.0.1.19255",
	"image": "apple count tray.png",
	"format": "RGBA8888",
	"size": {"w":2569,"h":130},
	"scale": "1"
}
}
