﻿{"frames": [

{
	"filename": "Symbol 11 instance 10000",
	"frame": {"x":0,"y":0,"w":148,"h":103},
	"rotated": false,
	"trimmed": false,
	"spriteSourceSize": {"x":0,"y":0,"w":148,"h":103},
	"sourceSize": {"w":148,"h":103}
}
,{
	"filename": "Symbol 11 instance 10001",
	"frame": {"x":148,"y":0,"w":148,"h":103},
	"rotated": false,
	"trimmed": false,
	"spriteSourceSize": {"x":0,"y":0,"w":148,"h":103},
	"sourceSize": {"w":148,"h":103}
}
,{
	"filename": "Symbol 11 instance 10002",
	"frame": {"x":296,"y":0,"w":148,"h":103},
	"rotated": false,
	"trimmed": false,
	"spriteSourceSize": {"x":0,"y":0,"w":148,"h":103},
	"sourceSize": {"w":148,"h":103}
}
,{
	"filename": "Symbol 11 instance 10003",
	"frame": {"x":444,"y":0,"w":148,"h":103},
	"rotated": false,
	"trimmed": false,
	"spriteSourceSize": {"x":0,"y":0,"w":148,"h":103},
	"sourceSize": {"w":148,"h":103}
}
,{
	"filename": "Symbol 11 instance 10004",
	"frame": {"x":592,"y":0,"w":148,"h":103},
	"rotated": false,
	"trimmed": false,
	"spriteSourceSize": {"x":0,"y":0,"w":148,"h":103},
	"sourceSize": {"w":148,"h":103}
}
,{
	"filename": "Symbol 11 instance 10005",
	"frame": {"x":740,"y":0,"w":148,"h":103},
	"rotated": false,
	"trimmed": false,
	"spriteSourceSize": {"x":0,"y":0,"w":148,"h":103},
	"sourceSize": {"w":148,"h":103}
}
,{
	"filename": "Symbol 11 instance 10006",
	"frame": {"x":888,"y":0,"w":148,"h":103},
	"rotated": false,
	"trimmed": false,
	"spriteSourceSize": {"x":0,"y":0,"w":148,"h":103},
	"sourceSize": {"w":148,"h":103}
}
,{
	"filename": "Symbol 11 instance 10007",
	"frame": {"x":1036,"y":0,"w":148,"h":103},
	"rotated": false,
	"trimmed": false,
	"spriteSourceSize": {"x":0,"y":0,"w":148,"h":103},
	"sourceSize": {"w":148,"h":103}
}
,{
	"filename": "Symbol 11 instance 10008",
	"frame": {"x":1184,"y":0,"w":148,"h":103},
	"rotated": false,
	"trimmed": false,
	"spriteSourceSize": {"x":0,"y":0,"w":148,"h":103},
	"sourceSize": {"w":148,"h":103}
}
,{
	"filename": "Symbol 11 instance 10009",
	"frame": {"x":1332,"y":0,"w":148,"h":103},
	"rotated": false,
	"trimmed": false,
	"spriteSourceSize": {"x":0,"y":0,"w":148,"h":103},
	"sourceSize": {"w":148,"h":103}
}
,{
	"filename": "Symbol 11 instance 10010",
	"frame": {"x":1480,"y":0,"w":148,"h":103},
	"rotated": false,
	"trimmed": false,
	"spriteSourceSize": {"x":0,"y":0,"w":148,"h":103},
	"sourceSize": {"w":148,"h":103}
}
,{
	"filename": "Symbol 11 instance 10011",
	"frame": {"x":1628,"y":0,"w":148,"h":103},
	"rotated": false,
	"trimmed": false,
	"spriteSourceSize": {"x":0,"y":0,"w":148,"h":103},
	"sourceSize": {"w":148,"h":103}
}
,{
	"filename": "Symbol 11 instance 10012",
	"frame": {"x":1776,"y":0,"w":148,"h":103},
	"rotated": false,
	"trimmed": false,
	"spriteSourceSize": {"x":0,"y":0,"w":148,"h":103},
	"sourceSize": {"w":148,"h":103}
}
,{
	"filename": "Symbol 11 instance 10013",
	"frame": {"x":1924,"y":0,"w":148,"h":103},
	"rotated": false,
	"trimmed": false,
	"spriteSourceSize": {"x":0,"y":0,"w":148,"h":103},
	"sourceSize": {"w":148,"h":103}
}],
"meta": {
	"app": "Adobe Animate",
	"version": "20.0.1.19255",
	"image": "egg count tray.png",
	"format": "RGBA8888",
	"size": {"w":2076,"h":107},
	"scale": "1"
}
}
