﻿{"frames": [

{
	"filename": "Symbol 20 instance 10000",
	"frame": {"x":0,"y":0,"w":90,"h":82},
	"rotated": false,
	"trimmed": false,
	"spriteSourceSize": {"x":0,"y":0,"w":90,"h":82},
	"sourceSize": {"w":90,"h":82}
}
,{
	"filename": "Symbol 20 instance 10001",
	"frame": {"x":90,"y":0,"w":90,"h":82},
	"rotated": false,
	"trimmed": false,
	"spriteSourceSize": {"x":0,"y":0,"w":90,"h":82},
	"sourceSize": {"w":90,"h":82}
}
,{
	"filename": "Symbol 20 instance 10002",
	"frame": {"x":180,"y":0,"w":90,"h":82},
	"rotated": false,
	"trimmed": false,
	"spriteSourceSize": {"x":0,"y":0,"w":90,"h":82},
	"sourceSize": {"w":90,"h":82}
}
,{
	"filename": "Symbol 20 instance 10003",
	"frame": {"x":270,"y":0,"w":90,"h":82},
	"rotated": false,
	"trimmed": false,
	"spriteSourceSize": {"x":0,"y":0,"w":90,"h":82},
	"sourceSize": {"w":90,"h":82}
}
,{
	"filename": "Symbol 20 instance 10004",
	"frame": {"x":360,"y":0,"w":90,"h":82},
	"rotated": false,
	"trimmed": false,
	"spriteSourceSize": {"x":0,"y":0,"w":90,"h":82},
	"sourceSize": {"w":90,"h":82}
}
,{
	"filename": "Symbol 20 instance 10005",
	"frame": {"x":450,"y":0,"w":90,"h":82},
	"rotated": false,
	"trimmed": false,
	"spriteSourceSize": {"x":0,"y":0,"w":90,"h":82},
	"sourceSize": {"w":90,"h":82}
}
,{
	"filename": "Symbol 20 instance 10006",
	"frame": {"x":540,"y":0,"w":90,"h":82},
	"rotated": false,
	"trimmed": false,
	"spriteSourceSize": {"x":0,"y":0,"w":90,"h":82},
	"sourceSize": {"w":90,"h":82}
}
,{
	"filename": "Symbol 20 instance 10007",
	"frame": {"x":630,"y":0,"w":90,"h":82},
	"rotated": false,
	"trimmed": false,
	"spriteSourceSize": {"x":0,"y":0,"w":90,"h":82},
	"sourceSize": {"w":90,"h":82}
}
,{
	"filename": "Symbol 20 instance 10008",
	"frame": {"x":720,"y":0,"w":90,"h":82},
	"rotated": false,
	"trimmed": false,
	"spriteSourceSize": {"x":0,"y":0,"w":90,"h":82},
	"sourceSize": {"w":90,"h":82}
}
,{
	"filename": "Symbol 20 instance 10009",
	"frame": {"x":810,"y":0,"w":90,"h":82},
	"rotated": false,
	"trimmed": false,
	"spriteSourceSize": {"x":0,"y":0,"w":90,"h":82},
	"sourceSize": {"w":90,"h":82}
}
,{
	"filename": "Symbol 20 instance 10010",
	"frame": {"x":900,"y":0,"w":90,"h":82},
	"rotated": false,
	"trimmed": false,
	"spriteSourceSize": {"x":0,"y":0,"w":90,"h":82},
	"sourceSize": {"w":90,"h":82}
}
,{
	"filename": "Symbol 20 instance 10011",
	"frame": {"x":990,"y":0,"w":90,"h":82},
	"rotated": false,
	"trimmed": false,
	"spriteSourceSize": {"x":0,"y":0,"w":90,"h":82},
	"sourceSize": {"w":90,"h":82}
}
,{
	"filename": "Symbol 20 instance 10012",
	"frame": {"x":1080,"y":0,"w":90,"h":82},
	"rotated": false,
	"trimmed": false,
	"spriteSourceSize": {"x":0,"y":0,"w":90,"h":82},
	"sourceSize": {"w":90,"h":82}
}
,{
	"filename": "Symbol 20 instance 10013",
	"frame": {"x":1170,"y":0,"w":90,"h":82},
	"rotated": false,
	"trimmed": false,
	"spriteSourceSize": {"x":0,"y":0,"w":90,"h":82},
	"sourceSize": {"w":90,"h":82}
}
,{
	"filename": "Symbol 20 instance 10014",
	"frame": {"x":1260,"y":0,"w":90,"h":82},
	"rotated": false,
	"trimmed": false,
	"spriteSourceSize": {"x":0,"y":0,"w":90,"h":82},
	"sourceSize": {"w":90,"h":82}
}
,{
	"filename": "Symbol 20 instance 10015",
	"frame": {"x":1350,"y":0,"w":90,"h":82},
	"rotated": false,
	"trimmed": false,
	"spriteSourceSize": {"x":0,"y":0,"w":90,"h":82},
	"sourceSize": {"w":90,"h":82}
}
,{
	"filename": "Symbol 20 instance 10016",
	"frame": {"x":1440,"y":0,"w":90,"h":82},
	"rotated": false,
	"trimmed": false,
	"spriteSourceSize": {"x":0,"y":0,"w":90,"h":82},
	"sourceSize": {"w":90,"h":82}
}
,{
	"filename": "Symbol 20 instance 10017",
	"frame": {"x":1530,"y":0,"w":90,"h":82},
	"rotated": false,
	"trimmed": false,
	"spriteSourceSize": {"x":0,"y":0,"w":90,"h":82},
	"sourceSize": {"w":90,"h":82}
}
,{
	"filename": "Symbol 20 instance 10018",
	"frame": {"x":1620,"y":0,"w":90,"h":82},
	"rotated": false,
	"trimmed": false,
	"spriteSourceSize": {"x":0,"y":0,"w":90,"h":82},
	"sourceSize": {"w":90,"h":82}
}
,{
	"filename": "Symbol 20 instance 10019",
	"frame": {"x":1710,"y":0,"w":90,"h":82},
	"rotated": false,
	"trimmed": false,
	"spriteSourceSize": {"x":0,"y":0,"w":90,"h":82},
	"sourceSize": {"w":90,"h":82}
}
,{
	"filename": "Symbol 20 instance 10020",
	"frame": {"x":1800,"y":0,"w":90,"h":82},
	"rotated": false,
	"trimmed": false,
	"spriteSourceSize": {"x":0,"y":0,"w":90,"h":82},
	"sourceSize": {"w":90,"h":82}
}
,{
	"filename": "Symbol 20 instance 10021",
	"frame": {"x":1890,"y":0,"w":90,"h":82},
	"rotated": false,
	"trimmed": false,
	"spriteSourceSize": {"x":0,"y":0,"w":90,"h":82},
	"sourceSize": {"w":90,"h":82}
}
,{
	"filename": "Symbol 20 instance 10022",
	"frame": {"x":1980,"y":0,"w":90,"h":82},
	"rotated": false,
	"trimmed": false,
	"spriteSourceSize": {"x":0,"y":0,"w":90,"h":82},
	"sourceSize": {"w":90,"h":82}
}
,{
	"filename": "Symbol 20 instance 10023",
	"frame": {"x":2070,"y":0,"w":90,"h":82},
	"rotated": false,
	"trimmed": false,
	"spriteSourceSize": {"x":0,"y":0,"w":90,"h":82},
	"sourceSize": {"w":90,"h":82}
}
,{
	"filename": "Symbol 20 instance 10024",
	"frame": {"x":2160,"y":0,"w":90,"h":82},
	"rotated": false,
	"trimmed": false,
	"spriteSourceSize": {"x":0,"y":0,"w":90,"h":82},
	"sourceSize": {"w":90,"h":82}
}
,{
	"filename": "Symbol 20 instance 10025",
	"frame": {"x":2250,"y":0,"w":90,"h":82},
	"rotated": false,
	"trimmed": false,
	"spriteSourceSize": {"x":0,"y":0,"w":90,"h":82},
	"sourceSize": {"w":90,"h":82}
}
,{
	"filename": "Symbol 20 instance 10026",
	"frame": {"x":2340,"y":0,"w":90,"h":82},
	"rotated": false,
	"trimmed": false,
	"spriteSourceSize": {"x":0,"y":0,"w":90,"h":82},
	"sourceSize": {"w":90,"h":82}
}
,{
	"filename": "Symbol 20 instance 10027",
	"frame": {"x":2430,"y":0,"w":90,"h":82},
	"rotated": false,
	"trimmed": false,
	"spriteSourceSize": {"x":0,"y":0,"w":90,"h":82},
	"sourceSize": {"w":90,"h":82}
}
,{
	"filename": "Symbol 20 instance 10028",
	"frame": {"x":2520,"y":0,"w":90,"h":82},
	"rotated": false,
	"trimmed": false,
	"spriteSourceSize": {"x":0,"y":0,"w":90,"h":82},
	"sourceSize": {"w":90,"h":82}
}
,{
	"filename": "Symbol 20 instance 10029",
	"frame": {"x":2610,"y":0,"w":90,"h":82},
	"rotated": false,
	"trimmed": false,
	"spriteSourceSize": {"x":0,"y":0,"w":90,"h":82},
	"sourceSize": {"w":90,"h":82}
}
,{
	"filename": "Symbol 20 instance 10030",
	"frame": {"x":2700,"y":0,"w":90,"h":82},
	"rotated": false,
	"trimmed": false,
	"spriteSourceSize": {"x":0,"y":0,"w":90,"h":82},
	"sourceSize": {"w":90,"h":82}
}
,{
	"filename": "Symbol 20 instance 10031",
	"frame": {"x":2790,"y":0,"w":90,"h":82},
	"rotated": false,
	"trimmed": false,
	"spriteSourceSize": {"x":0,"y":0,"w":90,"h":82},
	"sourceSize": {"w":90,"h":82}
}
,{
	"filename": "Symbol 20 instance 10032",
	"frame": {"x":2880,"y":0,"w":90,"h":82},
	"rotated": false,
	"trimmed": false,
	"spriteSourceSize": {"x":0,"y":0,"w":90,"h":82},
	"sourceSize": {"w":90,"h":82}
}
,{
	"filename": "Symbol 20 instance 10033",
	"frame": {"x":2970,"y":0,"w":90,"h":82},
	"rotated": false,
	"trimmed": false,
	"spriteSourceSize": {"x":0,"y":0,"w":90,"h":82},
	"sourceSize": {"w":90,"h":82}
}
,{
	"filename": "Symbol 20 instance 10034",
	"frame": {"x":3060,"y":0,"w":90,"h":82},
	"rotated": false,
	"trimmed": false,
	"spriteSourceSize": {"x":0,"y":0,"w":90,"h":82},
	"sourceSize": {"w":90,"h":82}
}
,{
	"filename": "Symbol 20 instance 10035",
	"frame": {"x":3150,"y":0,"w":90,"h":82},
	"rotated": false,
	"trimmed": false,
	"spriteSourceSize": {"x":0,"y":0,"w":90,"h":82},
	"sourceSize": {"w":90,"h":82}
}
,{
	"filename": "Symbol 20 instance 10036",
	"frame": {"x":3240,"y":0,"w":90,"h":82},
	"rotated": false,
	"trimmed": false,
	"spriteSourceSize": {"x":0,"y":0,"w":90,"h":82},
	"sourceSize": {"w":90,"h":82}
}
,{
	"filename": "Symbol 20 instance 10037",
	"frame": {"x":3330,"y":0,"w":90,"h":82},
	"rotated": false,
	"trimmed": false,
	"spriteSourceSize": {"x":0,"y":0,"w":90,"h":82},
	"sourceSize": {"w":90,"h":82}
}
,{
	"filename": "Symbol 20 instance 10038",
	"frame": {"x":3420,"y":0,"w":90,"h":82},
	"rotated": false,
	"trimmed": false,
	"spriteSourceSize": {"x":0,"y":0,"w":90,"h":82},
	"sourceSize": {"w":90,"h":82}
}
,{
	"filename": "Symbol 20 instance 10039",
	"frame": {"x":3510,"y":0,"w":90,"h":82},
	"rotated": false,
	"trimmed": false,
	"spriteSourceSize": {"x":0,"y":0,"w":90,"h":82},
	"sourceSize": {"w":90,"h":82}
}
,{
	"filename": "Symbol 20 instance 10040",
	"frame": {"x":3600,"y":0,"w":90,"h":82},
	"rotated": false,
	"trimmed": false,
	"spriteSourceSize": {"x":0,"y":0,"w":90,"h":82},
	"sourceSize": {"w":90,"h":82}
}
,{
	"filename": "Symbol 20 instance 10041",
	"frame": {"x":3690,"y":0,"w":90,"h":82},
	"rotated": false,
	"trimmed": false,
	"spriteSourceSize": {"x":0,"y":0,"w":90,"h":82},
	"sourceSize": {"w":90,"h":82}
}
,{
	"filename": "Symbol 20 instance 10042",
	"frame": {"x":3780,"y":0,"w":90,"h":82},
	"rotated": false,
	"trimmed": false,
	"spriteSourceSize": {"x":0,"y":0,"w":90,"h":82},
	"sourceSize": {"w":90,"h":82}
}
,{
	"filename": "Symbol 20 instance 10043",
	"frame": {"x":3870,"y":0,"w":90,"h":82},
	"rotated": false,
	"trimmed": false,
	"spriteSourceSize": {"x":0,"y":0,"w":90,"h":82},
	"sourceSize": {"w":90,"h":82}
}
,{
	"filename": "Symbol 20 instance 10044",
	"frame": {"x":3960,"y":0,"w":90,"h":82},
	"rotated": false,
	"trimmed": false,
	"spriteSourceSize": {"x":0,"y":0,"w":90,"h":82},
	"sourceSize": {"w":90,"h":82}
}
,{
	"filename": "Symbol 20 instance 10045",
	"frame": {"x":4050,"y":0,"w":90,"h":82},
	"rotated": false,
	"trimmed": false,
	"spriteSourceSize": {"x":0,"y":0,"w":90,"h":82},
	"sourceSize": {"w":90,"h":82}
}
,{
	"filename": "Symbol 20 instance 10046",
	"frame": {"x":4140,"y":0,"w":90,"h":82},
	"rotated": false,
	"trimmed": false,
	"spriteSourceSize": {"x":0,"y":0,"w":90,"h":82},
	"sourceSize": {"w":90,"h":82}
}
,{
	"filename": "Symbol 20 instance 10047",
	"frame": {"x":4230,"y":0,"w":90,"h":82},
	"rotated": false,
	"trimmed": false,
	"spriteSourceSize": {"x":0,"y":0,"w":90,"h":82},
	"sourceSize": {"w":90,"h":82}
}
,{
	"filename": "Symbol 20 instance 10048",
	"frame": {"x":4320,"y":0,"w":90,"h":82},
	"rotated": false,
	"trimmed": false,
	"spriteSourceSize": {"x":0,"y":0,"w":90,"h":82},
	"sourceSize": {"w":90,"h":82}
}
,{
	"filename": "Symbol 20 instance 10049",
	"frame": {"x":4410,"y":0,"w":90,"h":82},
	"rotated": false,
	"trimmed": false,
	"spriteSourceSize": {"x":0,"y":0,"w":90,"h":82},
	"sourceSize": {"w":90,"h":82}
}],
"meta": {
	"app": "Adobe Animate",
	"version": "20.0.1.19255",
	"image": "fish bowl.png",
	"format": "RGBA8888",
	"size": {"w":4515,"h":89},
	"scale": "1"
}
}
