﻿{"frames": [

{
	"filename": "Symbol 4 instance 10000",
	"frame": {"x":0,"y":0,"w":65,"h":65},
	"rotated": false,
	"trimmed": false,
	"spriteSourceSize": {"x":0,"y":0,"w":65,"h":65},
	"sourceSize": {"w":65,"h":65}
}
,{
	"filename": "Symbol 4 instance 10001",
	"frame": {"x":65,"y":0,"w":65,"h":65},
	"rotated": false,
	"trimmed": false,
	"spriteSourceSize": {"x":0,"y":0,"w":65,"h":65},
	"sourceSize": {"w":65,"h":65}
}
,{
	"filename": "Symbol 4 instance 10002",
	"frame": {"x":130,"y":0,"w":65,"h":65},
	"rotated": false,
	"trimmed": false,
	"spriteSourceSize": {"x":0,"y":0,"w":65,"h":65},
	"sourceSize": {"w":65,"h":65}
}
,{
	"filename": "Symbol 4 instance 10003",
	"frame": {"x":195,"y":0,"w":65,"h":65},
	"rotated": false,
	"trimmed": false,
	"spriteSourceSize": {"x":0,"y":0,"w":65,"h":65},
	"sourceSize": {"w":65,"h":65}
}
,{
	"filename": "Symbol 4 instance 10004",
	"frame": {"x":260,"y":0,"w":65,"h":65},
	"rotated": false,
	"trimmed": false,
	"spriteSourceSize": {"x":0,"y":0,"w":65,"h":65},
	"sourceSize": {"w":65,"h":65}
}
,{
	"filename": "Symbol 4 instance 10005",
	"frame": {"x":325,"y":0,"w":65,"h":65},
	"rotated": false,
	"trimmed": false,
	"spriteSourceSize": {"x":0,"y":0,"w":65,"h":65},
	"sourceSize": {"w":65,"h":65}
}
,{
	"filename": "Symbol 4 instance 10006",
	"frame": {"x":390,"y":0,"w":65,"h":65},
	"rotated": false,
	"trimmed": false,
	"spriteSourceSize": {"x":0,"y":0,"w":65,"h":65},
	"sourceSize": {"w":65,"h":65}
}
,{
	"filename": "Symbol 4 instance 10007",
	"frame": {"x":455,"y":0,"w":65,"h":65},
	"rotated": false,
	"trimmed": false,
	"spriteSourceSize": {"x":0,"y":0,"w":65,"h":65},
	"sourceSize": {"w":65,"h":65}
}
,{
	"filename": "Symbol 4 instance 10008",
	"frame": {"x":520,"y":0,"w":65,"h":65},
	"rotated": false,
	"trimmed": false,
	"spriteSourceSize": {"x":0,"y":0,"w":65,"h":65},
	"sourceSize": {"w":65,"h":65}
}
,{
	"filename": "Symbol 4 instance 10009",
	"frame": {"x":585,"y":0,"w":65,"h":65},
	"rotated": false,
	"trimmed": false,
	"spriteSourceSize": {"x":0,"y":0,"w":65,"h":65},
	"sourceSize": {"w":65,"h":65}
}
,{
	"filename": "Symbol 4 instance 10010",
	"frame": {"x":650,"y":0,"w":65,"h":65},
	"rotated": false,
	"trimmed": false,
	"spriteSourceSize": {"x":0,"y":0,"w":65,"h":65},
	"sourceSize": {"w":65,"h":65}
}
,{
	"filename": "Symbol 4 instance 10011",
	"frame": {"x":715,"y":0,"w":65,"h":65},
	"rotated": false,
	"trimmed": false,
	"spriteSourceSize": {"x":0,"y":0,"w":65,"h":65},
	"sourceSize": {"w":65,"h":65}
}
,{
	"filename": "Symbol 4 instance 10012",
	"frame": {"x":780,"y":0,"w":65,"h":65},
	"rotated": false,
	"trimmed": false,
	"spriteSourceSize": {"x":0,"y":0,"w":65,"h":65},
	"sourceSize": {"w":65,"h":65}
}],
"meta": {
	"app": "Adobe Animate",
	"version": "20.0.1.19255",
	"image": "Kingfisher jumping water.png",
	"format": "RGBA8888",
	"size": {"w":849,"h":72},
	"scale": "1"
}
}
