﻿{"frames": [

{
	"filename": "Symbol 15 instance 10000",
	"frame": {"x":0,"y":0,"w":39,"h":37},
	"rotated": false,
	"trimmed": false,
	"spriteSourceSize": {"x":0,"y":0,"w":39,"h":37},
	"sourceSize": {"w":39,"h":37}
}
,{
	"filename": "Symbol 15 instance 10001",
	"frame": {"x":39,"y":0,"w":39,"h":37},
	"rotated": false,
	"trimmed": false,
	"spriteSourceSize": {"x":0,"y":0,"w":39,"h":37},
	"sourceSize": {"w":39,"h":37}
}
,{
	"filename": "Symbol 15 instance 10002",
	"frame": {"x":78,"y":0,"w":39,"h":37},
	"rotated": false,
	"trimmed": false,
	"spriteSourceSize": {"x":0,"y":0,"w":39,"h":37},
	"sourceSize": {"w":39,"h":37}
}],
"meta": {
	"app": "Adobe Animate",
	"version": "20.0.1.19255",
	"image": "egg.png",
	"format": "RGBA8888",
	"size": {"w":118,"h":38},
	"scale": "1"
}
}
