﻿{"frames": [

{
	"filename": "Symbol 21 instance 10000",
	"frame": {"x":0,"y":0,"w":33,"h":40},
	"rotated": false,
	"trimmed": false,
	"spriteSourceSize": {"x":0,"y":0,"w":33,"h":40},
	"sourceSize": {"w":33,"h":40}
}
,{
	"filename": "Symbol 21 instance 10001",
	"frame": {"x":33,"y":0,"w":33,"h":40},
	"rotated": false,
	"trimmed": false,
	"spriteSourceSize": {"x":0,"y":0,"w":33,"h":40},
	"sourceSize": {"w":33,"h":40}
}
,{
	"filename": "Symbol 21 instance 10002",
	"frame": {"x":66,"y":0,"w":33,"h":40},
	"rotated": false,
	"trimmed": false,
	"spriteSourceSize": {"x":0,"y":0,"w":33,"h":40},
	"sourceSize": {"w":33,"h":40}
}
,{
	"filename": "Symbol 21 instance 10003",
	"frame": {"x":99,"y":0,"w":33,"h":40},
	"rotated": false,
	"trimmed": false,
	"spriteSourceSize": {"x":0,"y":0,"w":33,"h":40},
	"sourceSize": {"w":33,"h":40}
}
,{
	"filename": "Symbol 21 instance 10004",
	"frame": {"x":132,"y":0,"w":33,"h":40},
	"rotated": false,
	"trimmed": false,
	"spriteSourceSize": {"x":0,"y":0,"w":33,"h":40},
	"sourceSize": {"w":33,"h":40}
}
,{
	"filename": "Symbol 21 instance 10005",
	"frame": {"x":165,"y":0,"w":33,"h":40},
	"rotated": false,
	"trimmed": false,
	"spriteSourceSize": {"x":0,"y":0,"w":33,"h":40},
	"sourceSize": {"w":33,"h":40}
}
,{
	"filename": "Symbol 21 instance 10006",
	"frame": {"x":198,"y":0,"w":33,"h":40},
	"rotated": false,
	"trimmed": false,
	"spriteSourceSize": {"x":0,"y":0,"w":33,"h":40},
	"sourceSize": {"w":33,"h":40}
}
,{
	"filename": "Symbol 21 instance 10007",
	"frame": {"x":231,"y":0,"w":33,"h":40},
	"rotated": false,
	"trimmed": false,
	"spriteSourceSize": {"x":0,"y":0,"w":33,"h":40},
	"sourceSize": {"w":33,"h":40}
}
,{
	"filename": "Symbol 21 instance 10008",
	"frame": {"x":264,"y":0,"w":33,"h":40},
	"rotated": false,
	"trimmed": false,
	"spriteSourceSize": {"x":0,"y":0,"w":33,"h":40},
	"sourceSize": {"w":33,"h":40}
}
,{
	"filename": "Symbol 21 instance 10009",
	"frame": {"x":297,"y":0,"w":33,"h":40},
	"rotated": false,
	"trimmed": false,
	"spriteSourceSize": {"x":0,"y":0,"w":33,"h":40},
	"sourceSize": {"w":33,"h":40}
}
,{
	"filename": "Symbol 21 instance 10010",
	"frame": {"x":330,"y":0,"w":33,"h":40},
	"rotated": false,
	"trimmed": false,
	"spriteSourceSize": {"x":0,"y":0,"w":33,"h":40},
	"sourceSize": {"w":33,"h":40}
}
,{
	"filename": "Symbol 21 instance 10011",
	"frame": {"x":363,"y":0,"w":33,"h":40},
	"rotated": false,
	"trimmed": false,
	"spriteSourceSize": {"x":0,"y":0,"w":33,"h":40},
	"sourceSize": {"w":33,"h":40}
}
,{
	"filename": "Symbol 21 instance 10012",
	"frame": {"x":396,"y":0,"w":33,"h":40},
	"rotated": false,
	"trimmed": false,
	"spriteSourceSize": {"x":0,"y":0,"w":33,"h":40},
	"sourceSize": {"w":33,"h":40}
}
,{
	"filename": "Symbol 21 instance 10013",
	"frame": {"x":429,"y":0,"w":33,"h":40},
	"rotated": false,
	"trimmed": false,
	"spriteSourceSize": {"x":0,"y":0,"w":33,"h":40},
	"sourceSize": {"w":33,"h":40}
}],
"meta": {
	"app": "Adobe Animate",
	"version": "20.0.1.19255",
	"image": "Ball anim.png",
	"format": "RGBA8888",
	"size": {"w":463,"h":41},
	"scale": "1"
}
}
