﻿{"frames": [

{
	"filename": "Symbol 24 instance 10000",
	"frame": {"x":0,"y":0,"w":25,"h":45},
	"rotated": false,
	"trimmed": false,
	"spriteSourceSize": {"x":0,"y":0,"w":25,"h":45},
	"sourceSize": {"w":25,"h":45}
}
,{
	"filename": "Symbol 24 instance 10001",
	"frame": {"x":25,"y":0,"w":25,"h":45},
	"rotated": false,
	"trimmed": false,
	"spriteSourceSize": {"x":0,"y":0,"w":25,"h":45},
	"sourceSize": {"w":25,"h":45}
}
,{
	"filename": "Symbol 24 instance 10002",
	"frame": {"x":50,"y":0,"w":25,"h":45},
	"rotated": false,
	"trimmed": false,
	"spriteSourceSize": {"x":0,"y":0,"w":25,"h":45},
	"sourceSize": {"w":25,"h":45}
}
,{
	"filename": "Symbol 24 instance 10003",
	"frame": {"x":75,"y":0,"w":25,"h":45},
	"rotated": false,
	"trimmed": false,
	"spriteSourceSize": {"x":0,"y":0,"w":25,"h":45},
	"sourceSize": {"w":25,"h":45}
}
,{
	"filename": "Symbol 24 instance 10004",
	"frame": {"x":100,"y":0,"w":25,"h":45},
	"rotated": false,
	"trimmed": false,
	"spriteSourceSize": {"x":0,"y":0,"w":25,"h":45},
	"sourceSize": {"w":25,"h":45}
}
,{
	"filename": "Symbol 24 instance 10005",
	"frame": {"x":125,"y":0,"w":25,"h":45},
	"rotated": false,
	"trimmed": false,
	"spriteSourceSize": {"x":0,"y":0,"w":25,"h":45},
	"sourceSize": {"w":25,"h":45}
}
,{
	"filename": "Symbol 24 instance 10006",
	"frame": {"x":150,"y":0,"w":25,"h":45},
	"rotated": false,
	"trimmed": false,
	"spriteSourceSize": {"x":0,"y":0,"w":25,"h":45},
	"sourceSize": {"w":25,"h":45}
}
,{
	"filename": "Symbol 24 instance 10007",
	"frame": {"x":175,"y":0,"w":25,"h":45},
	"rotated": false,
	"trimmed": false,
	"spriteSourceSize": {"x":0,"y":0,"w":25,"h":45},
	"sourceSize": {"w":25,"h":45}
}
,{
	"filename": "Symbol 24 instance 10008",
	"frame": {"x":200,"y":0,"w":25,"h":45},
	"rotated": false,
	"trimmed": false,
	"spriteSourceSize": {"x":0,"y":0,"w":25,"h":45},
	"sourceSize": {"w":25,"h":45}
}
,{
	"filename": "Symbol 24 instance 10009",
	"frame": {"x":225,"y":0,"w":25,"h":45},
	"rotated": false,
	"trimmed": false,
	"spriteSourceSize": {"x":0,"y":0,"w":25,"h":45},
	"sourceSize": {"w":25,"h":45}
}],
"meta": {
	"app": "Adobe Animate",
	"version": "20.0.1.19255",
	"image": "Rabbit anim.png",
	"format": "RGBA8888",
	"size": {"w":253,"h":49},
	"scale": "1"
}
}
