﻿{"frames": [

{
	"filename": "Symbol 3 instance 10000",
	"frame": {"x":0,"y":0,"w":44,"h":68},
	"rotated": false,
	"trimmed": false,
	"spriteSourceSize": {"x":0,"y":0,"w":44,"h":68},
	"sourceSize": {"w":44,"h":68}
}
,{
	"filename": "Symbol 3 instance 10001",
	"frame": {"x":44,"y":0,"w":44,"h":68},
	"rotated": false,
	"trimmed": false,
	"spriteSourceSize": {"x":0,"y":0,"w":44,"h":68},
	"sourceSize": {"w":44,"h":68}
}
,{
	"filename": "Symbol 3 instance 10002",
	"frame": {"x":88,"y":0,"w":44,"h":68},
	"rotated": false,
	"trimmed": false,
	"spriteSourceSize": {"x":0,"y":0,"w":44,"h":68},
	"sourceSize": {"w":44,"h":68}
}
,{
	"filename": "Symbol 3 instance 10003",
	"frame": {"x":132,"y":0,"w":44,"h":68},
	"rotated": false,
	"trimmed": false,
	"spriteSourceSize": {"x":0,"y":0,"w":44,"h":68},
	"sourceSize": {"w":44,"h":68}
}
,{
	"filename": "Symbol 3 instance 10004",
	"frame": {"x":176,"y":0,"w":44,"h":68},
	"rotated": false,
	"trimmed": false,
	"spriteSourceSize": {"x":0,"y":0,"w":44,"h":68},
	"sourceSize": {"w":44,"h":68}
}
,{
	"filename": "Symbol 3 instance 10005",
	"frame": {"x":220,"y":0,"w":44,"h":68},
	"rotated": false,
	"trimmed": false,
	"spriteSourceSize": {"x":0,"y":0,"w":44,"h":68},
	"sourceSize": {"w":44,"h":68}
}
,{
	"filename": "Symbol 3 instance 10006",
	"frame": {"x":264,"y":0,"w":44,"h":68},
	"rotated": false,
	"trimmed": false,
	"spriteSourceSize": {"x":0,"y":0,"w":44,"h":68},
	"sourceSize": {"w":44,"h":68}
}
,{
	"filename": "Symbol 3 instance 10007",
	"frame": {"x":308,"y":0,"w":44,"h":68},
	"rotated": false,
	"trimmed": false,
	"spriteSourceSize": {"x":0,"y":0,"w":44,"h":68},
	"sourceSize": {"w":44,"h":68}
}
,{
	"filename": "Symbol 3 instance 10008",
	"frame": {"x":352,"y":0,"w":44,"h":68},
	"rotated": false,
	"trimmed": false,
	"spriteSourceSize": {"x":0,"y":0,"w":44,"h":68},
	"sourceSize": {"w":44,"h":68}
}
,{
	"filename": "Symbol 3 instance 10009",
	"frame": {"x":396,"y":0,"w":44,"h":68},
	"rotated": false,
	"trimmed": false,
	"spriteSourceSize": {"x":0,"y":0,"w":44,"h":68},
	"sourceSize": {"w":44,"h":68}
}
,{
	"filename": "Symbol 3 instance 10010",
	"frame": {"x":440,"y":0,"w":44,"h":68},
	"rotated": false,
	"trimmed": false,
	"spriteSourceSize": {"x":0,"y":0,"w":44,"h":68},
	"sourceSize": {"w":44,"h":68}
}
,{
	"filename": "Symbol 3 instance 10011",
	"frame": {"x":484,"y":0,"w":44,"h":68},
	"rotated": false,
	"trimmed": false,
	"spriteSourceSize": {"x":0,"y":0,"w":44,"h":68},
	"sourceSize": {"w":44,"h":68}
}
,{
	"filename": "Symbol 3 instance 10012",
	"frame": {"x":528,"y":0,"w":44,"h":68},
	"rotated": false,
	"trimmed": false,
	"spriteSourceSize": {"x":0,"y":0,"w":44,"h":68},
	"sourceSize": {"w":44,"h":68}
}
,{
	"filename": "Symbol 3 instance 10013",
	"frame": {"x":572,"y":0,"w":44,"h":68},
	"rotated": false,
	"trimmed": false,
	"spriteSourceSize": {"x":0,"y":0,"w":44,"h":68},
	"sourceSize": {"w":44,"h":68}
}
,{
	"filename": "Symbol 3 instance 10014",
	"frame": {"x":616,"y":0,"w":44,"h":68},
	"rotated": false,
	"trimmed": false,
	"spriteSourceSize": {"x":0,"y":0,"w":44,"h":68},
	"sourceSize": {"w":44,"h":68}
}],
"meta": {
	"app": "Adobe Animate",
	"version": "20.0.1.19255",
	"image": "+ animation.png",
	"format": "RGBA8888",
	"size": {"w":677,"h":72},
	"scale": "1"
}
}
