﻿{"frames": [

{
	"filename": "Symbol 3 instance 10000",
	"frame": {"x":0,"y":0,"w":45,"h":68},
	"rotated": false,
	"trimmed": false,
	"spriteSourceSize": {"x":0,"y":0,"w":45,"h":68},
	"sourceSize": {"w":45,"h":68}
}
,{
	"filename": "Symbol 3 instance 10001",
	"frame": {"x":45,"y":0,"w":45,"h":68},
	"rotated": false,
	"trimmed": false,
	"spriteSourceSize": {"x":0,"y":0,"w":45,"h":68},
	"sourceSize": {"w":45,"h":68}
}
,{
	"filename": "Symbol 3 instance 10002",
	"frame": {"x":90,"y":0,"w":45,"h":68},
	"rotated": false,
	"trimmed": false,
	"spriteSourceSize": {"x":0,"y":0,"w":45,"h":68},
	"sourceSize": {"w":45,"h":68}
}
,{
	"filename": "Symbol 3 instance 10003",
	"frame": {"x":135,"y":0,"w":45,"h":68},
	"rotated": false,
	"trimmed": false,
	"spriteSourceSize": {"x":0,"y":0,"w":45,"h":68},
	"sourceSize": {"w":45,"h":68}
}
,{
	"filename": "Symbol 3 instance 10004",
	"frame": {"x":180,"y":0,"w":45,"h":68},
	"rotated": false,
	"trimmed": false,
	"spriteSourceSize": {"x":0,"y":0,"w":45,"h":68},
	"sourceSize": {"w":45,"h":68}
}
,{
	"filename": "Symbol 3 instance 10005",
	"frame": {"x":225,"y":0,"w":45,"h":68},
	"rotated": false,
	"trimmed": false,
	"spriteSourceSize": {"x":0,"y":0,"w":45,"h":68},
	"sourceSize": {"w":45,"h":68}
}
,{
	"filename": "Symbol 3 instance 10006",
	"frame": {"x":270,"y":0,"w":45,"h":68},
	"rotated": false,
	"trimmed": false,
	"spriteSourceSize": {"x":0,"y":0,"w":45,"h":68},
	"sourceSize": {"w":45,"h":68}
}
,{
	"filename": "Symbol 3 instance 10007",
	"frame": {"x":315,"y":0,"w":45,"h":68},
	"rotated": false,
	"trimmed": false,
	"spriteSourceSize": {"x":0,"y":0,"w":45,"h":68},
	"sourceSize": {"w":45,"h":68}
}
,{
	"filename": "Symbol 3 instance 10008",
	"frame": {"x":360,"y":0,"w":45,"h":68},
	"rotated": false,
	"trimmed": false,
	"spriteSourceSize": {"x":0,"y":0,"w":45,"h":68},
	"sourceSize": {"w":45,"h":68}
}
,{
	"filename": "Symbol 3 instance 10009",
	"frame": {"x":405,"y":0,"w":45,"h":68},
	"rotated": false,
	"trimmed": false,
	"spriteSourceSize": {"x":0,"y":0,"w":45,"h":68},
	"sourceSize": {"w":45,"h":68}
}
,{
	"filename": "Symbol 3 instance 10010",
	"frame": {"x":450,"y":0,"w":45,"h":68},
	"rotated": false,
	"trimmed": false,
	"spriteSourceSize": {"x":0,"y":0,"w":45,"h":68},
	"sourceSize": {"w":45,"h":68}
}
,{
	"filename": "Symbol 3 instance 10011",
	"frame": {"x":495,"y":0,"w":45,"h":68},
	"rotated": false,
	"trimmed": false,
	"spriteSourceSize": {"x":0,"y":0,"w":45,"h":68},
	"sourceSize": {"w":45,"h":68}
}
,{
	"filename": "Symbol 3 instance 10012",
	"frame": {"x":540,"y":0,"w":45,"h":68},
	"rotated": false,
	"trimmed": false,
	"spriteSourceSize": {"x":0,"y":0,"w":45,"h":68},
	"sourceSize": {"w":45,"h":68}
}
,{
	"filename": "Symbol 3 instance 10013",
	"frame": {"x":585,"y":0,"w":45,"h":68},
	"rotated": false,
	"trimmed": false,
	"spriteSourceSize": {"x":0,"y":0,"w":45,"h":68},
	"sourceSize": {"w":45,"h":68}
}
,{
	"filename": "Symbol 3 instance 10014",
	"frame": {"x":630,"y":0,"w":45,"h":68},
	"rotated": false,
	"trimmed": false,
	"spriteSourceSize": {"x":0,"y":0,"w":45,"h":68},
	"sourceSize": {"w":45,"h":68}
}],
"meta": {
	"app": "Adobe Animate",
	"version": "20.0.1.19255",
	"image": "- animation.png",
	"format": "RGBA8888",
	"size": {"w":677,"h":72},
	"scale": "1"
}
}
