﻿{"frames": [

{
	"filename": "Symbol 2 instance 10000",
	"frame": {"x":0,"y":0,"w":36,"h":35},
	"rotated": false,
	"trimmed": false,
	"spriteSourceSize": {"x":0,"y":0,"w":36,"h":35},
	"sourceSize": {"w":36,"h":35}
}
,{
	"filename": "Symbol 2 instance 10001",
	"frame": {"x":36,"y":0,"w":36,"h":35},
	"rotated": false,
	"trimmed": false,
	"spriteSourceSize": {"x":0,"y":0,"w":36,"h":35},
	"sourceSize": {"w":36,"h":35}
}
,{
	"filename": "Symbol 2 instance 10002",
	"frame": {"x":72,"y":0,"w":36,"h":35},
	"rotated": false,
	"trimmed": false,
	"spriteSourceSize": {"x":0,"y":0,"w":36,"h":35},
	"sourceSize": {"w":36,"h":35}
}],
"meta": {
	"app": "Adobe Animate",
	"version": "20.0.1.19255",
	"image": "3 color Box.png",
	"format": "RGBA8888",
	"size": {"w":109,"h":37},
	"scale": "1"
}
}
