﻿{"frames": [

{
	"filename": "Symbol 21 copy 4 instance 10000",
	"frame": {"x":0,"y":0,"w":28,"h":40},
	"rotated": false,
	"trimmed": false,
	"spriteSourceSize": {"x":0,"y":0,"w":28,"h":40},
	"sourceSize": {"w":28,"h":40}
}
,{
	"filename": "Symbol 21 copy 4 instance 10001",
	"frame": {"x":28,"y":0,"w":28,"h":40},
	"rotated": false,
	"trimmed": false,
	"spriteSourceSize": {"x":0,"y":0,"w":28,"h":40},
	"sourceSize": {"w":28,"h":40}
}
,{
	"filename": "Symbol 21 copy 4 instance 10002",
	"frame": {"x":56,"y":0,"w":28,"h":40},
	"rotated": false,
	"trimmed": false,
	"spriteSourceSize": {"x":0,"y":0,"w":28,"h":40},
	"sourceSize": {"w":28,"h":40}
}
,{
	"filename": "Symbol 21 copy 4 instance 10003",
	"frame": {"x":84,"y":0,"w":28,"h":40},
	"rotated": false,
	"trimmed": false,
	"spriteSourceSize": {"x":0,"y":0,"w":28,"h":40},
	"sourceSize": {"w":28,"h":40}
}
,{
	"filename": "Symbol 21 copy 4 instance 10004",
	"frame": {"x":112,"y":0,"w":28,"h":40},
	"rotated": false,
	"trimmed": false,
	"spriteSourceSize": {"x":0,"y":0,"w":28,"h":40},
	"sourceSize": {"w":28,"h":40}
}
,{
	"filename": "Symbol 21 copy 4 instance 10005",
	"frame": {"x":140,"y":0,"w":28,"h":40},
	"rotated": false,
	"trimmed": false,
	"spriteSourceSize": {"x":0,"y":0,"w":28,"h":40},
	"sourceSize": {"w":28,"h":40}
}
,{
	"filename": "Symbol 21 copy 4 instance 10006",
	"frame": {"x":168,"y":0,"w":28,"h":40},
	"rotated": false,
	"trimmed": false,
	"spriteSourceSize": {"x":0,"y":0,"w":28,"h":40},
	"sourceSize": {"w":28,"h":40}
}
,{
	"filename": "Symbol 21 copy 4 instance 10007",
	"frame": {"x":196,"y":0,"w":28,"h":40},
	"rotated": false,
	"trimmed": false,
	"spriteSourceSize": {"x":0,"y":0,"w":28,"h":40},
	"sourceSize": {"w":28,"h":40}
}
,{
	"filename": "Symbol 21 copy 4 instance 10008",
	"frame": {"x":224,"y":0,"w":28,"h":40},
	"rotated": false,
	"trimmed": false,
	"spriteSourceSize": {"x":0,"y":0,"w":28,"h":40},
	"sourceSize": {"w":28,"h":40}
}
,{
	"filename": "Symbol 21 copy 4 instance 10009",
	"frame": {"x":252,"y":0,"w":28,"h":40},
	"rotated": false,
	"trimmed": false,
	"spriteSourceSize": {"x":0,"y":0,"w":28,"h":40},
	"sourceSize": {"w":28,"h":40}
}
,{
	"filename": "Symbol 21 copy 4 instance 10010",
	"frame": {"x":280,"y":0,"w":28,"h":40},
	"rotated": false,
	"trimmed": false,
	"spriteSourceSize": {"x":0,"y":0,"w":28,"h":40},
	"sourceSize": {"w":28,"h":40}
}
,{
	"filename": "Symbol 21 copy 4 instance 10011",
	"frame": {"x":308,"y":0,"w":28,"h":40},
	"rotated": false,
	"trimmed": false,
	"spriteSourceSize": {"x":0,"y":0,"w":28,"h":40},
	"sourceSize": {"w":28,"h":40}
}
,{
	"filename": "Symbol 21 copy 4 instance 10012",
	"frame": {"x":336,"y":0,"w":28,"h":40},
	"rotated": false,
	"trimmed": false,
	"spriteSourceSize": {"x":0,"y":0,"w":28,"h":40},
	"sourceSize": {"w":28,"h":40}
}
,{
	"filename": "Symbol 21 copy 4 instance 10013",
	"frame": {"x":364,"y":0,"w":28,"h":40},
	"rotated": false,
	"trimmed": false,
	"spriteSourceSize": {"x":0,"y":0,"w":28,"h":40},
	"sourceSize": {"w":28,"h":40}
}
,{
	"filename": "Symbol 21 copy 4 instance 10014",
	"frame": {"x":392,"y":0,"w":28,"h":40},
	"rotated": false,
	"trimmed": false,
	"spriteSourceSize": {"x":0,"y":0,"w":28,"h":40},
	"sourceSize": {"w":28,"h":40}
}
,{
	"filename": "Symbol 21 copy 4 instance 10015",
	"frame": {"x":420,"y":0,"w":28,"h":40},
	"rotated": false,
	"trimmed": false,
	"spriteSourceSize": {"x":0,"y":0,"w":28,"h":40},
	"sourceSize": {"w":28,"h":40}
}
,{
	"filename": "Symbol 21 copy 4 instance 10016",
	"frame": {"x":448,"y":0,"w":28,"h":40},
	"rotated": false,
	"trimmed": false,
	"spriteSourceSize": {"x":0,"y":0,"w":28,"h":40},
	"sourceSize": {"w":28,"h":40}
}
,{
	"filename": "Symbol 21 copy 4 instance 10017",
	"frame": {"x":476,"y":0,"w":28,"h":40},
	"rotated": false,
	"trimmed": false,
	"spriteSourceSize": {"x":0,"y":0,"w":28,"h":40},
	"sourceSize": {"w":28,"h":40}
}
,{
	"filename": "Symbol 21 copy 4 instance 10018",
	"frame": {"x":504,"y":0,"w":28,"h":40},
	"rotated": false,
	"trimmed": false,
	"spriteSourceSize": {"x":0,"y":0,"w":28,"h":40},
	"sourceSize": {"w":28,"h":40}
}],
"meta": {
	"app": "Adobe Animate",
	"version": "20.0.1.19255",
	"image": "apple anm -.png",
	"format": "RGBA8888",
	"size": {"w":541,"h":43},
	"scale": "1"
}
}
