﻿{"frames": [

{
	"filename": "Symbol 14 instance 10000",
	"frame": {"x":0,"y":0,"w":172,"h":363},
	"rotated": false,
	"trimmed": false,
	"spriteSourceSize": {"x":0,"y":0,"w":172,"h":363},
	"sourceSize": {"w":172,"h":363}
}
,{
	"filename": "Symbol 14 instance 10001",
	"frame": {"x":172,"y":0,"w":172,"h":363},
	"rotated": false,
	"trimmed": false,
	"spriteSourceSize": {"x":0,"y":0,"w":172,"h":363},
	"sourceSize": {"w":172,"h":363}
}
,{
	"filename": "Symbol 14 instance 10002",
	"frame": {"x":344,"y":0,"w":172,"h":363},
	"rotated": false,
	"trimmed": false,
	"spriteSourceSize": {"x":0,"y":0,"w":172,"h":363},
	"sourceSize": {"w":172,"h":363}
}
,{
	"filename": "Symbol 14 instance 10003",
	"frame": {"x":516,"y":0,"w":172,"h":363},
	"rotated": false,
	"trimmed": false,
	"spriteSourceSize": {"x":0,"y":0,"w":172,"h":363},
	"sourceSize": {"w":172,"h":363}
}
,{
	"filename": "Symbol 14 instance 10004",
	"frame": {"x":688,"y":0,"w":172,"h":363},
	"rotated": false,
	"trimmed": false,
	"spriteSourceSize": {"x":0,"y":0,"w":172,"h":363},
	"sourceSize": {"w":172,"h":363}
}
,{
	"filename": "Symbol 14 instance 10005",
	"frame": {"x":860,"y":0,"w":172,"h":363},
	"rotated": false,
	"trimmed": false,
	"spriteSourceSize": {"x":0,"y":0,"w":172,"h":363},
	"sourceSize": {"w":172,"h":363}
}
,{
	"filename": "Symbol 14 instance 10006",
	"frame": {"x":1032,"y":0,"w":172,"h":363},
	"rotated": false,
	"trimmed": false,
	"spriteSourceSize": {"x":0,"y":0,"w":172,"h":363},
	"sourceSize": {"w":172,"h":363}
}
,{
	"filename": "Symbol 14 instance 10007",
	"frame": {"x":1204,"y":0,"w":172,"h":363},
	"rotated": false,
	"trimmed": false,
	"spriteSourceSize": {"x":0,"y":0,"w":172,"h":363},
	"sourceSize": {"w":172,"h":363}
}
,{
	"filename": "Symbol 14 instance 10008",
	"frame": {"x":1376,"y":0,"w":172,"h":363},
	"rotated": false,
	"trimmed": false,
	"spriteSourceSize": {"x":0,"y":0,"w":172,"h":363},
	"sourceSize": {"w":172,"h":363}
}
,{
	"filename": "Symbol 14 instance 10009",
	"frame": {"x":1548,"y":0,"w":172,"h":363},
	"rotated": false,
	"trimmed": false,
	"spriteSourceSize": {"x":0,"y":0,"w":172,"h":363},
	"sourceSize": {"w":172,"h":363}
}
,{
	"filename": "Symbol 14 instance 10010",
	"frame": {"x":1720,"y":0,"w":172,"h":363},
	"rotated": false,
	"trimmed": false,
	"spriteSourceSize": {"x":0,"y":0,"w":172,"h":363},
	"sourceSize": {"w":172,"h":363}
}
,{
	"filename": "Symbol 14 instance 10011",
	"frame": {"x":1892,"y":0,"w":172,"h":363},
	"rotated": false,
	"trimmed": false,
	"spriteSourceSize": {"x":0,"y":0,"w":172,"h":363},
	"sourceSize": {"w":172,"h":363}
}],
"meta": {
	"app": "Adobe Animate",
	"version": "20.0.1.19255",
	"image": "store man anim.png",
	"format": "RGBA8888",
	"size": {"w":2068,"h":384},
	"scale": "1"
}
}
