﻿{"frames": [

{
	"filename": "Symbol 23 instance 10000",
	"frame": {"x":0,"y":0,"w":34,"h":40},
	"rotated": false,
	"trimmed": false,
	"spriteSourceSize": {"x":0,"y":0,"w":34,"h":40},
	"sourceSize": {"w":34,"h":40}
}
,{
	"filename": "Symbol 23 instance 10001",
	"frame": {"x":34,"y":0,"w":34,"h":40},
	"rotated": false,
	"trimmed": false,
	"spriteSourceSize": {"x":0,"y":0,"w":34,"h":40},
	"sourceSize": {"w":34,"h":40}
}
,{
	"filename": "Symbol 23 instance 10002",
	"frame": {"x":68,"y":0,"w":34,"h":40},
	"rotated": false,
	"trimmed": false,
	"spriteSourceSize": {"x":0,"y":0,"w":34,"h":40},
	"sourceSize": {"w":34,"h":40}
}
,{
	"filename": "Symbol 23 instance 10003",
	"frame": {"x":102,"y":0,"w":34,"h":40},
	"rotated": false,
	"trimmed": false,
	"spriteSourceSize": {"x":0,"y":0,"w":34,"h":40},
	"sourceSize": {"w":34,"h":40}
}
,{
	"filename": "Symbol 23 instance 10004",
	"frame": {"x":136,"y":0,"w":34,"h":40},
	"rotated": false,
	"trimmed": false,
	"spriteSourceSize": {"x":0,"y":0,"w":34,"h":40},
	"sourceSize": {"w":34,"h":40}
}
,{
	"filename": "Symbol 23 instance 10005",
	"frame": {"x":170,"y":0,"w":34,"h":40},
	"rotated": false,
	"trimmed": false,
	"spriteSourceSize": {"x":0,"y":0,"w":34,"h":40},
	"sourceSize": {"w":34,"h":40}
}
,{
	"filename": "Symbol 23 instance 10006",
	"frame": {"x":204,"y":0,"w":34,"h":40},
	"rotated": false,
	"trimmed": false,
	"spriteSourceSize": {"x":0,"y":0,"w":34,"h":40},
	"sourceSize": {"w":34,"h":40}
}
,{
	"filename": "Symbol 23 instance 10007",
	"frame": {"x":238,"y":0,"w":34,"h":40},
	"rotated": false,
	"trimmed": false,
	"spriteSourceSize": {"x":0,"y":0,"w":34,"h":40},
	"sourceSize": {"w":34,"h":40}
}
,{
	"filename": "Symbol 23 instance 10008",
	"frame": {"x":272,"y":0,"w":34,"h":40},
	"rotated": false,
	"trimmed": false,
	"spriteSourceSize": {"x":0,"y":0,"w":34,"h":40},
	"sourceSize": {"w":34,"h":40}
}
,{
	"filename": "Symbol 23 instance 10009",
	"frame": {"x":306,"y":0,"w":34,"h":40},
	"rotated": false,
	"trimmed": false,
	"spriteSourceSize": {"x":0,"y":0,"w":34,"h":40},
	"sourceSize": {"w":34,"h":40}
}],
"meta": {
	"app": "Adobe Animate",
	"version": "20.0.1.19255",
	"image": "Dog anim.png",
	"format": "RGBA8888",
	"size": {"w":342,"h":40},
	"scale": "1"
}
}
