﻿{"frames": [

{
	"filename": "Symbol 18 copy instance 10000",
	"frame": {"x":0,"y":0,"w":76,"h":106},
	"rotated": false,
	"trimmed": false,
	"spriteSourceSize": {"x":0,"y":0,"w":76,"h":106},
	"sourceSize": {"w":76,"h":106}
}
,{
	"filename": "Symbol 18 copy instance 10001",
	"frame": {"x":76,"y":0,"w":76,"h":106},
	"rotated": false,
	"trimmed": false,
	"spriteSourceSize": {"x":0,"y":0,"w":76,"h":106},
	"sourceSize": {"w":76,"h":106}
}],
"meta": {
	"app": "Adobe Animate",
	"version": "20.0.1.19255",
	"image": "Rabbit.png",
	"format": "RGBA8888",
	"size": {"w":152,"h":110},
	"scale": "1"
}
}
