﻿{"frames": [

{
	"filename": "Symbol 14 copy instance 10000",
	"frame": {"x":0,"y":0,"w":58,"h":61},
	"rotated": false,
	"trimmed": true,
	"spriteSourceSize": {"x":3,"y":3,"w":68,"h":70},
	"sourceSize": {"w":68,"h":70}
}
,{
	"filename": "Symbol 14 copy instance 10001",
	"frame": {"x":58,"y":0,"w":68,"h":70},
	"rotated": false,
	"trimmed": false,
	"spriteSourceSize": {"x":0,"y":0,"w":68,"h":70},
	"sourceSize": {"w":68,"h":70}
}],
"meta": {
	"app": "Adobe Animate",
	"version": "15.1.0.210",
	"image": "check.png",
	"format": "RGB8",
	"size": {"w":128,"h":75},
	"scale": "1"
}
}
