﻿{"frames": [

{
	"filename": "Symbol 4 copy instance 10000",
	"frame": {"x":0,"y":0,"w":67,"h":65},
	"rotated": false,
	"trimmed": false,
	"spriteSourceSize": {"x":0,"y":0,"w":67,"h":65},
	"sourceSize": {"w":67,"h":65}
}
,{
	"filename": "Symbol 4 copy instance 10001",
	"frame": {"x":67,"y":0,"w":67,"h":65},
	"rotated": false,
	"trimmed": false,
	"spriteSourceSize": {"x":0,"y":0,"w":67,"h":65},
	"sourceSize": {"w":67,"h":65}
}
,{
	"filename": "Symbol 4 copy instance 10002",
	"frame": {"x":134,"y":0,"w":67,"h":65},
	"rotated": false,
	"trimmed": false,
	"spriteSourceSize": {"x":0,"y":0,"w":67,"h":65},
	"sourceSize": {"w":67,"h":65}
}
,{
	"filename": "Symbol 4 copy instance 10003",
	"frame": {"x":201,"y":0,"w":67,"h":65},
	"rotated": false,
	"trimmed": false,
	"spriteSourceSize": {"x":0,"y":0,"w":67,"h":65},
	"sourceSize": {"w":67,"h":65}
}
,{
	"filename": "Symbol 4 copy instance 10004",
	"frame": {"x":268,"y":0,"w":67,"h":65},
	"rotated": false,
	"trimmed": false,
	"spriteSourceSize": {"x":0,"y":0,"w":67,"h":65},
	"sourceSize": {"w":67,"h":65}
}
,{
	"filename": "Symbol 4 copy instance 10005",
	"frame": {"x":335,"y":0,"w":67,"h":65},
	"rotated": false,
	"trimmed": false,
	"spriteSourceSize": {"x":0,"y":0,"w":67,"h":65},
	"sourceSize": {"w":67,"h":65}
}
,{
	"filename": "Symbol 4 copy instance 10006",
	"frame": {"x":402,"y":0,"w":67,"h":65},
	"rotated": false,
	"trimmed": false,
	"spriteSourceSize": {"x":0,"y":0,"w":67,"h":65},
	"sourceSize": {"w":67,"h":65}
}
,{
	"filename": "Symbol 4 copy instance 10007",
	"frame": {"x":469,"y":0,"w":67,"h":65},
	"rotated": false,
	"trimmed": false,
	"spriteSourceSize": {"x":0,"y":0,"w":67,"h":65},
	"sourceSize": {"w":67,"h":65}
}
,{
	"filename": "Symbol 4 copy instance 10008",
	"frame": {"x":536,"y":0,"w":67,"h":65},
	"rotated": false,
	"trimmed": false,
	"spriteSourceSize": {"x":0,"y":0,"w":67,"h":65},
	"sourceSize": {"w":67,"h":65}
}
,{
	"filename": "Symbol 4 copy instance 10009",
	"frame": {"x":603,"y":0,"w":67,"h":65},
	"rotated": false,
	"trimmed": false,
	"spriteSourceSize": {"x":0,"y":0,"w":67,"h":65},
	"sourceSize": {"w":67,"h":65}
}
,{
	"filename": "Symbol 4 copy instance 10010",
	"frame": {"x":670,"y":0,"w":67,"h":65},
	"rotated": false,
	"trimmed": false,
	"spriteSourceSize": {"x":0,"y":0,"w":67,"h":65},
	"sourceSize": {"w":67,"h":65}
}
,{
	"filename": "Symbol 4 copy instance 10011",
	"frame": {"x":737,"y":0,"w":67,"h":65},
	"rotated": false,
	"trimmed": false,
	"spriteSourceSize": {"x":0,"y":0,"w":67,"h":65},
	"sourceSize": {"w":67,"h":65}
}
,{
	"filename": "Symbol 4 copy instance 10012",
	"frame": {"x":804,"y":0,"w":67,"h":65},
	"rotated": false,
	"trimmed": false,
	"spriteSourceSize": {"x":0,"y":0,"w":67,"h":65},
	"sourceSize": {"w":67,"h":65}
}],
"meta": {
	"app": "Adobe Animate",
	"version": "20.0.1.19255",
	"image": "Kingfisher Return to under Water.png",
	"format": "RGBA8888",
	"size": {"w":883,"h":65},
	"scale": "1"
}
}
