﻿{"frames": [

{
	"filename": "Symbol 1 copy 4 instance 10000",
	"frame": {"x":0,"y":0,"w":320,"h":56},
	"rotated": false,
	"trimmed": false,
	"spriteSourceSize": {"x":0,"y":0,"w":320,"h":56},
	"sourceSize": {"w":320,"h":56}
}
,{
	"filename": "Symbol 1 copy 4 instance 10001",
	"frame": {"x":320,"y":0,"w":320,"h":56},
	"rotated": false,
	"trimmed": false,
	"spriteSourceSize": {"x":0,"y":0,"w":320,"h":56},
	"sourceSize": {"w":320,"h":56}
}
,{
	"filename": "Symbol 1 copy 4 instance 10002",
	"frame": {"x":640,"y":0,"w":320,"h":56},
	"rotated": false,
	"trimmed": false,
	"spriteSourceSize": {"x":0,"y":0,"w":320,"h":56},
	"sourceSize": {"w":320,"h":56}
}
,{
	"filename": "Symbol 1 copy 4 instance 10003",
	"frame": {"x":960,"y":0,"w":320,"h":56},
	"rotated": false,
	"trimmed": false,
	"spriteSourceSize": {"x":0,"y":0,"w":320,"h":56},
	"sourceSize": {"w":320,"h":56}
}
,{
	"filename": "Symbol 1 copy 4 instance 10004",
	"frame": {"x":1280,"y":0,"w":320,"h":56},
	"rotated": false,
	"trimmed": false,
	"spriteSourceSize": {"x":0,"y":0,"w":320,"h":56},
	"sourceSize": {"w":320,"h":56}
}
,{
	"filename": "Symbol 1 copy 4 instance 10005",
	"frame": {"x":1600,"y":0,"w":320,"h":56},
	"rotated": false,
	"trimmed": false,
	"spriteSourceSize": {"x":0,"y":0,"w":320,"h":56},
	"sourceSize": {"w":320,"h":56}
}
,{
	"filename": "Symbol 1 copy 4 instance 10006",
	"frame": {"x":1920,"y":0,"w":320,"h":56},
	"rotated": false,
	"trimmed": false,
	"spriteSourceSize": {"x":0,"y":0,"w":320,"h":56},
	"sourceSize": {"w":320,"h":56}
}
,{
	"filename": "Symbol 1 copy 4 instance 10007",
	"frame": {"x":2240,"y":0,"w":320,"h":56},
	"rotated": false,
	"trimmed": false,
	"spriteSourceSize": {"x":0,"y":0,"w":320,"h":56},
	"sourceSize": {"w":320,"h":56}
}
,{
	"filename": "Symbol 1 copy 4 instance 10008",
	"frame": {"x":2560,"y":0,"w":320,"h":56},
	"rotated": false,
	"trimmed": false,
	"spriteSourceSize": {"x":0,"y":0,"w":320,"h":56},
	"sourceSize": {"w":320,"h":56}
}
,{
	"filename": "Symbol 1 copy 4 instance 10009",
	"frame": {"x":2880,"y":0,"w":320,"h":56},
	"rotated": false,
	"trimmed": false,
	"spriteSourceSize": {"x":0,"y":0,"w":320,"h":56},
	"sourceSize": {"w":320,"h":56}
}
,{
	"filename": "Symbol 1 copy 4 instance 10010",
	"frame": {"x":3200,"y":0,"w":320,"h":56},
	"rotated": false,
	"trimmed": false,
	"spriteSourceSize": {"x":0,"y":0,"w":320,"h":56},
	"sourceSize": {"w":320,"h":56}
}
,{
	"filename": "Symbol 1 copy 4 instance 10011",
	"frame": {"x":3520,"y":0,"w":320,"h":56},
	"rotated": false,
	"trimmed": false,
	"spriteSourceSize": {"x":0,"y":0,"w":320,"h":56},
	"sourceSize": {"w":320,"h":56}
}
,{
	"filename": "Symbol 1 copy 4 instance 10012",
	"frame": {"x":3840,"y":0,"w":320,"h":56},
	"rotated": false,
	"trimmed": false,
	"spriteSourceSize": {"x":0,"y":0,"w":320,"h":56},
	"sourceSize": {"w":320,"h":56}
}
,{
	"filename": "Symbol 1 copy 4 instance 10013",
	"frame": {"x":4160,"y":0,"w":320,"h":56},
	"rotated": false,
	"trimmed": false,
	"spriteSourceSize": {"x":0,"y":0,"w":320,"h":56},
	"sourceSize": {"w":320,"h":56}
}],
"meta": {
	"app": "Adobe Animate",
	"version": "20.0.1.19255",
	"image": "Water splash anim.png",
	"format": "RGBA8888",
	"size": {"w":4500,"h":167},
	"scale": "1"
}
}
